"ID","Description","GeneRatio","BgRatio","pvalue","p.adjust","qvalue","geneID","Count"
"R-MMU-1483249","Inositol phosphate metabolism","7/202","46/8704",8.11489424314684e-05,0.0183177320961542,0.016957674919842,"Isyna1/Nudt4/Inpp5d/Pld4/Plcb3/Plcb2/Plcb1",7
"R-MMU-400451","Free fatty acids regulate insulin secretion","4/202","11/8704",8.1775589714974e-05,0.0183177320961542,0.016957674919842,"Plcb3/Plcb2/Acsl4/Plcb1",4
"R-MMU-977606","Regulation of Complement cascade","6/202","36/8704",0.000157994696258073,0.0235938746412056,0.0218420737984845,"Cpn2/C1qb/C3ar1/Cfh/C1qc/C1qa",6
"R-MMU-112043","PLC beta mediated events","6/202","39/8704",0.000249760243425421,0.0254700489605894,0.0235789457012976,"Prkcd/Adcy5/Plcb3/Gnai1/Plcb2/Plcb1",6
"R-MMU-112040","G-protein mediated events","6/202","40/8704",0.000288223559509651,0.0254700489605894,0.0235789457012976,"Prkcd/Adcy5/Plcb3/Gnai1/Plcb2/Plcb1",6
"R-MMU-1855204","Synthesis of IP3 and IP4 in the cytosol","5/202","27/8704",0.000341116727150751,0.0254700489605894,0.0235789457012976,"Inpp5d/Pld4/Plcb3/Plcb2/Plcb1",5
"R-MMU-422356","Regulation of insulin secretion","7/202","60/8704",0.000445078060372894,0.0284849958638652,0.0263700384641985,"Cacna1a/Adcy5/Plcb3/Gnai1/Plcb2/Acsl4/Plcb1",7
"R-MMU-166658","Complement cascade","6/202","45/8704",0.000555455149940434,0.0311054883966643,0.0287959643521751,"Cpn2/C1qb/C3ar1/Cfh/C1qc/C1qa",6
